Task,Architecture,MI,CC,Time,Score
1,1_SingleAgent,95.74,4.00,515.773045,0.3623
1,2_MultiAgent,71.99,4.00,512.148300,0.2910
2,1_SingleAgent,90.42,5.00,0.019820,0.7313
2,2_MultiAgent,85.70,5.00,0.019751,0.7171
3,1_SingleAgent,100.00,3.00,0.020533,0.8000
3,2_MultiAgent,87.35,5.00,0.019934,0.7221
4,1_SingleAgent,91.41,3.00,0.155558,0.6314
4,2_MultiAgent,87.00,3.00,0.151547,0.6249
